<?xml version="1.0" encoding="UTF-8"?>
<project-private xmlns="http://www.netbeans.org/ns/project-private/1">
    <editor-bookmarks xmlns="http://www.netbeans.org/ns/editor-bookmarks/2" lastBookmarkId="0"/>
    <open-files xmlns="http://www.netbeans.org/ns/projectui-open-files/2">
        <group>
            <file>file:/C:/Users/Kshit/OneDrive%20-%20CQUniversity/MIT%20Term%201/Main/src/main/Main.java</file>
            <file>file:/C:/Users/Kshit/OneDrive%20-%20CQUniversity/MIT%20Term%201/Main/src/main/View.java</file>
            <file>file:/C:/Users/Kshit/OneDrive%20-%20CQUniversity/MIT%20Term%201/Main/src/main/PatientRecord.java</file>
            <file>file:/C:/Users/Kshit/OneDrive%20-%20CQUniversity/MIT%20Term%201/Main/src/main/MAPAnalyser.java</file>
        </group>
    </open-files>
</project-private>
